"","X.1","X","Player","Span","Mat","Inns","NO","Runs","HS","Ave","BF","SR","X100","X50","X0","X4s","X6s","Team","SixPI","FourPI","BoundaryPI","RPI","SixPercent","FourPercent","BoundaryPercent","BallsFacedPI","NOPI"
"4",4,4,"R Ashwin","2009-2015",121,40,16,288,46,12,263,109.5,0,0,3,27,6,"CSK",0.15,0.675,0.825,7.2,12.5,37.5,50,6.575,0.4
"6",6,6,"S Badrinath","2008-2013",114,82,23,1667,0,28.25,1455,114.57,0,12,6,168,32,"CSK",0.390243902439024,2.04878048780488,2.4390243902439,20.3292682926829,11.5176964607079,40.3119376124775,51.8296340731854,17.7439024390244,0.280487804878049
"10",10,10,"DJ Bravo","2011-2015",75,56,23,982,67,29.75,726,135.26,0,2,1,79,41,"CSK",0.732142857142857,1.41071428571429,2.14285714285714,17.5357142857143,25.050916496945,32.1792260692464,57.2301425661914,12.9642857142857,0.410714285714286
"11",11,11,"MS Dhoni","2008-2015",153,139,48,3435,0,37.74,2462,139.52,0,16,5,246,152,"CSK",1.09352517985612,1.76978417266187,2.86330935251799,24.7122302158273,26.5502183406114,28.646288209607,55.1965065502183,17.7122302158273,0.345323741007194
"12",12,12,"F du Plessis","2012-2015",53,46,3,1292,73,30.04,993,130.11,0,7,2,114,35,"CSK",0.760869565217391,2.47826086956522,3.23913043478261,28.0869565217391,16.2538699690402,35.2941176470588,51.5479876160991,21.5869565217391,0.0652173913043478
"18",18,18,"ML Hayden","2008-2010",34,34,2,1117,93,34.9,824,135.55,0,8,2,122,44,"CSK",1.29411764705882,3.58823529411765,4.88235294117647,32.8529411764706,23.6347358997314,43.6884512085945,67.3231871083259,24.2352941176471,0.0588235294117647
"22",22,22,"MEK Hussey","2008-2015",64,63,9,2213,0,40.98,1802,122.8,1,17,1,230,52,"CSK",0.825396825396825,3.65079365079365,4.47619047619048,35.1269841269841,14.098508811568,41.5725259828287,55.6710347943967,28.6031746031746,0.142857142857143
"23",23,23,"RA Jadeja","2012-2015",84,60,21,826,48,21.17,622,132.79,0,0,4,57,32,"CSK",0.533333333333333,0.95,1.48333333333333,13.7666666666667,23.2445520581114,27.6029055690073,50.8474576271186,10.3666666666667,0.35
"31",31,31,"BB McCullum","2014-2015",33,33,2,968,0,31.22,709,136.53,1,5,0,97,47,"CSK",1.42424242424242,2.93939393939394,4.36363636363636,29.3333333333333,29.1322314049587,40.0826446280992,69.2148760330579,21.4848484848485,0.0606060606060606
"35",35,35,"JA Morkel","2008-2013",92,70,31,909,71,23.3,639,142.25,0,2,4,57,52,"CSK",0.742857142857143,0.814285714285714,1.55714285714286,12.9857142857143,34.3234323432343,25.0825082508251,59.4059405940594,9.12857142857143,0.442857142857143
"45",45,45,"PA Patel","2008-2010",26,26,2,516,57,21.5,502,102.78,0,3,4,67,7,"CSK",0.269230769230769,2.57692307692308,2.84615384615385,19.8461538461538,8.13953488372093,51.937984496124,60.077519379845,19.3076923076923,0.0769230769230769
"47",47,47,"SK Raina","2008-2015",156,152,22,4541,0,34.93,3202,141.81,2,30,7,390,189,"CSK",1.24342105263158,2.56578947368421,3.80921052631579,29.875,24.9724730235631,34.3536665932614,59.3261396168245,21.0657894736842,0.144736842105263
"52",52,52,"DR Smith","2014-2015",37,37,0,1025,79,27.7,799,128.28,0,7,3,112,51,"CSK",1.37837837837838,3.02702702702703,4.40540540540541,27.7027027027027,29.8536585365854,43.7073170731707,73.5609756097561,21.5945945945946,0
"58",58,58,"M Vijay","2009-2013",83,83,4,2097,127,26.54,1672,125.41,2,10,5,193,81,"CSK",0.975903614457831,2.32530120481928,3.30120481927711,25.2650602409639,23.1759656652361,36.8144969003338,59.9904625655699,20.144578313253,0.0481927710843374
"70",70,12,"S Dhawan","2011-2012",29,29,3,969,0,37.26,749,129.37,0,7,0,105,25,"DC",0.862068965517241,3.62068965517241,4.48275862068965,33.4137931034483,15.4798761609907,43.343653250774,58.8235294117647,25.8275862068966,0.103448275862069
"73",73,15,"HH Gibbs","2008-2010",33,33,3,805,0,26.83,719,111.96,0,5,4,75,29,"DC",0.878787878787879,2.27272727272727,3.15151515151515,24.3939393939394,21.6149068322981,37.2670807453416,58.8819875776397,21.7878787878788,0.0909090909090909
"74",74,16,"AC Gilchrist","2008-2010",48,48,1,1289,0,27.42,872,147.82,1,8,4,144,67,"DC",1.39583333333333,3,4.39583333333333,26.8541666666667,31.1869666408068,44.6858029480217,75.8727695888285,18.1666666666667,0.0208333333333333
"94",94,36,"DB Ravi Teja","2008-2012",30,23,5,361,60,20.05,300,120.33,0,1,1,35,9,"DC",0.391304347826087,1.52173913043478,1.91304347826087,15.695652173913,14.9584487534626,38.781163434903,53.7396121883657,13.0434782608696,0.217391304347826
"98",98,40,"KC Sangakkara","2011-2012",25,25,1,558,82,23.25,477,116.98,0,2,2,65,9,"DC",0.36,2.6,2.96,22.32,9.67741935483871,46.5949820788531,56.2724014336918,19.08,0.04
"103",103,45,"RG Sharma","2008-2010",47,46,6,1219,0,30.47,935,130.37,0,8,2,102,51,"DC",1.10869565217391,2.21739130434783,3.32608695652174,26.5,25.1025430680886,33.4700574241181,58.5726004922067,20.3260869565217,0.130434782608696
"106",106,48,"RP Singh","2008-2010",44,22,10,51,10,4.25,69,73.91,0,0,2,2,1,"DC",0.0454545454545455,0.0909090909090909,0.136363636363636,2.31818181818182,11.7647058823529,15.6862745098039,27.4509803921569,3.13636363636364,0.454545454545455
"112",112,54,"TL Suman","2009-2010",28,28,8,559,0,27.95,463,120.73,0,2,2,43,20,"DC",0.714285714285714,1.53571428571429,2.25,19.9642857142857,21.4669051878354,30.7692307692308,52.2361359570662,16.5357142857143,0.285714285714286
"114",114,56,"A Symonds","2008-2010",30,29,4,849,0,33.96,625,135.84,1,5,0,66,38,"DC",1.31034482758621,2.27586206896552,3.58620689655172,29.2758620689655,26.8551236749117,31.095406360424,57.9505300353357,21.551724137931,0.137931034482759
"117",117,59,"Y Venugopal Rao","2008-2010",35,30,5,498,0,19.92,398,125.12,0,2,2,34,23,"DC",0.766666666666667,1.13333333333333,1.9,16.6,27.710843373494,27.3092369477912,55.0200803212851,13.2666666666667,0.166666666666667
"125",125,4,"MA Agarwal","2014-2016",21,21,1,355,68,17.75,293,121.16,0,2,1,38,11,"DD",0.523809523809524,1.80952380952381,2.33333333333333,16.9047619047619,18.5915492957746,42.8169014084507,61.4084507042254,13.952380952381,0.0476190476190476
"136",136,15,"Q de Kock","2014-2016",23,23,1,720,108,32.72,534,134.83,1,5,0,89,21,"DD",0.91304347826087,3.8695652173913,4.78260869565217,31.304347826087,17.5,49.4444444444444,66.9444444444444,23.2173913043478,0.0434782608695652
"137",137,16,"AB de Villiers","2008-2010",28,26,5,671,0,31.95,572,117.3,1,3,2,51,13,"DD",0.5,1.96153846153846,2.46153846153846,25.8076923076923,11.6244411326379,30.4023845007452,42.026825633383,22,0.192307692307692
"139",139,18,"TM Dilshan","2008-2010",31,30,4,615,0,23.65,542,113.46,0,4,3,66,16,"DD",0.533333333333333,2.2,2.73333333333333,20.5,15.609756097561,42.9268292682927,58.5365853658537,18.0666666666667,0.133333333333333
"141",141,20,"JP Duminy","2014-2016",38,35,12,1015,0,44.13,776,130.79,0,6,0,62,43,"DD",1.22857142857143,1.77142857142857,3,29,25.4187192118227,24.4334975369458,49.8522167487685,22.1714285714286,0.342857142857143
"143",143,22,"G Gambhir","2008-2010",44,43,4,1115,86,28.58,910,122.52,0,8,3,134,12,"DD",0.27906976744186,3.11627906976744,3.3953488372093,25.9302325581395,6.45739910313901,48.0717488789238,54.5291479820628,21.1627906976744,0.0930232558139535
"152",152,31,"KM Jadhav","2010-2015",41,37,14,566,0,24.6,421,134.44,0,2,4,44,21,"DD",0.567567567567568,1.18918918918919,1.75675675675676,15.2972972972973,22.2614840989399,31.095406360424,53.356890459364,11.3783783783784,0.378378378378378
"153",153,32,"DPMD Jayawardene","2012-2013",33,32,3,691,66,23.82,637,108.47,0,5,1,82,9,"DD",0.28125,2.5625,2.84375,21.59375,7.81476121562952,47.4674384949349,55.2821997105644,19.90625,0.09375
"155",155,34,"KD Karthik","2008-2014",60,53,8,1128,69,25.06,895,126.03,0,7,2,96,33,"DD",0.622641509433962,1.81132075471698,2.43396226415094,21.2830188679245,17.5531914893617,34.0425531914894,51.5957446808511,16.8867924528302,0.150943396226415
"166",166,45,"A Mishra","2008-2016",61,23,9,129,31,9.21,162,79.62,0,0,3,6,2,"DD",0.0869565217391304,0.260869565217391,0.347826086956522,5.60869565217391,9.30232558139535,18.6046511627907,27.906976744186,7.04347826086957,0.391304347826087
"174",174,53,"Y Nagar","2009-2012",27,21,6,295,0,19.66,277,106.49,0,0,2,20,9,"DD",0.428571428571429,0.952380952380952,1.38095238095238,14.047619047619,18.3050847457627,27.1186440677966,45.4237288135593,13.1904761904762,0.285714285714286
"180",180,59,"NV Ojha","2011-2013",38,35,7,437,0,15.6,412,106.06,0,1,3,34,25,"DD",0.714285714285714,0.971428571428571,1.68571428571429,12.4857142857143,34.324942791762,31.1212814645309,65.4462242562929,11.7714285714286,0.2
"183",183,62,"IK Pathan","2011-2013",50,40,15,490,0,19.6,442,110.85,0,0,2,36,15,"DD",0.375,0.9,1.275,12.25,18.3673469387755,29.3877551020408,47.7551020408163,11.05,0.375
"184",184,63,"KP Pietersen","2012-2014",23,22,4,672,0,37.33,511,131.5,1,3,1,61,28,"DD",1.27272727272727,2.77272727272727,4.04545454545455,30.5454545454545,25,36.3095238095238,61.3095238095238,23.2272727272727,0.181818181818182
"191",191,70,"V Sehwag","2008-2013",86,85,5,2382,119,29.77,1504,158.37,1,17,7,292,89,"DD",1.04705882352941,3.43529411764706,4.48235294117647,28.0235294117647,22.4181360201511,49.0344248530646,71.4525608732158,17.6941176470588,0.0588235294117647
"199",199,78,"MK Tiwary","2008-2015",27,22,8,355,0,25.35,313,113.41,0,1,2,40,5,"DD",0.227272727272727,1.81818181818182,2.04545454545455,16.1363636363636,8.45070422535211,45.0704225352113,53.5211267605634,14.2272727272727,0.363636363636364
"203",203,82,"Y Venugopal Rao","2011-2013",25,21,3,468,60,26,406,115.27,0,1,0,38,18,"DD",0.857142857142857,1.80952380952381,2.66666666666667,22.2857142857143,23.0769230769231,32.4786324786325,55.5555555555556,19.3333333333333,0.142857142857143
"207",207,86,"DA Warner","2009-2013",57,56,5,1456,0,28.54,1096,132.84,2,10,5,150,58,"DD",1.03571428571429,2.67857142857143,3.71428571428571,26,23.9010989010989,41.2087912087912,65.1098901098901,19.5714285714286,0.0892857142857143
"236",236,7,"R Bhatia","2011-2013",54,27,12,240,0,16,219,109.58,0,0,0,19,6,"KKR",0.222222222222222,0.703703703703704,0.925925925925926,8.88888888888889,15,31.6666666666667,46.6666666666667,8.11111111111111,0.444444444444444
"237",237,8,"MS Bisla","2011-2014",38,37,1,719,92,19.97,628,114.49,0,3,2,83,23,"KKR",0.621621621621622,2.24324324324324,2.86486486486486,19.4324324324324,19.1933240611961,46.1752433936022,65.3685674547983,16.972972972973,0.027027027027027
"245",245,16,"DB Das","2008-2013",33,23,9,347,0,24.78,280,123.92,0,0,1,29,18,"KKR",0.782608695652174,1.26086956521739,2.04347826086957,15.0869565217391,31.1239193083573,33.4293948126801,64.5533141210375,12.1739130434783,0.391304347826087
"249",249,20,"G Gambhir","2011-2016",106,105,10,2847,93,29.96,2293,124.16,0,26,12,321,48,"KKR",0.457142857142857,3.05714285714286,3.51428571428571,27.1142857142857,10.1159114857745,45.100105374078,55.2160168598525,21.8380952380952,0.0952380952380952
"250",250,21,"SC Ganguly","2008-2010",40,38,2,1031,91,28.63,933,110.5,0,7,3,104,36,"KKR",0.947368421052632,2.73684210526316,3.68421052631579,27.1315789473684,20.9505334626576,40.349175557711,61.2997090203686,24.5526315789474,0.0526315789473684
"262",262,33,"DJ Hussey","2008-2010",23,23,4,511,71,26.89,404,126.48,0,2,3,31,28,"KKR",1.21739130434783,1.34782608695652,2.56521739130435,22.2173913043478,32.8767123287671,24.26614481409,57.1428571428572,17.5652173913043,0.173913043478261
"264",264,35,"JH Kallis","2011-2014",70,67,10,1603,0,28.12,1480,108.31,0,10,6,151,32,"KKR",0.477611940298507,2.25373134328358,2.73134328358209,23.9253731343284,11.9775421085465,37.6793512164691,49.6568933250156,22.089552238806,0.149253731343284
"270",270,41,"BB McCullum","2008-2013",39,38,3,958,0,27.37,788,121.57,1,4,3,98,37,"KKR",0.973684210526316,2.57894736842105,3.55263157894737,25.2105263157895,23.1732776617954,40.9185803757829,64.0918580375783,20.7368421052632,0.0789473684210526
"278",278,49,"EJG Morgan","2011-2013",26,22,2,444,66,22.2,357,124.36,0,2,1,45,16,"KKR",0.727272727272727,2.04545454545455,2.77272727272727,20.1818181818182,21.6216216216216,40.5405405405405,62.1621621621622,16.2272727272727,0.0909090909090909
"283",283,54,"MK Pandey","2014-2016",46,44,8,1046,94,29.05,829,126.17,0,5,4,90,34,"KKR",0.772727272727273,2.04545454545455,2.81818181818182,23.7727272727273,19.5028680688336,34.4168260038241,53.9196940726577,18.8409090909091,0.181818181818182
"285",285,56,"YK Pathan","2011-2016",107,92,32,1918,72,31.96,1401,136.9,0,6,7,149,87,"KKR",0.945652173913043,1.6195652173913,2.56521739130435,20.8478260869565,27.2158498435871,31.0740354535975,58.2898852971846,15.2282608695652,0.347826086956522
"289",289,60,"AD Russell","2014-2016",33,25,4,581,66,27.66,327,177.67,0,4,0,49,39,"KKR",1.56,1.96,3.52,23.24,40.2753872633391,33.7349397590361,74.0103270223752,13.08,0.16
"290",290,61,"WP Saha","2008-2010",33,24,13,298,0,27.09,213,139.9,0,1,1,24,12,"KKR",0.5,1,1.5,12.4166666666667,24.1610738255034,32.2147651006711,56.3758389261745,8.875,0.541666666666667
"298",298,69,"Shakib Al Hasan","2011-2016",48,35,8,542,0,20.07,430,126.04,0,2,2,46,17,"KKR",0.485714285714286,1.31428571428571,1.8,15.4857142857143,18.8191881918819,33.9483394833948,52.7675276752768,12.2857142857143,0.228571428571429
"301",301,72,"LR Shukla","2008-2013",42,31,7,374,0,15.58,312,119.87,0,0,2,31,14,"KKR",0.451612903225806,1,1.45161290322581,12.0645161290323,22.4598930481283,33.1550802139037,55.6149732620321,10.0645161290323,0.225806451612903
"303",303,74,"RN ten Doeschate","2011-2015",41,29,9,485,0,24.25,357,135.85,0,2,4,35,22,"KKR",0.758620689655172,1.20689655172414,1.96551724137931,16.7241379310345,27.2164948453608,28.8659793814433,56.0824742268041,12.3103448275862,0.310344827586207
"304",304,75,"MK Tiwary","2010-2013",64,56,16,1136,0,28.4,1029,110.39,0,4,6,94,26,"KKR",0.464285714285714,1.67857142857143,2.14285714285714,20.2857142857143,13.7323943661972,33.0985915492958,46.830985915493,18.375,0.285714285714286
"307",307,78,"RV Uthappa","2014-2016",49,49,3,1628,0,35.39,1205,135.1,0,10,2,189,36,"KKR",0.73469387755102,3.85714285714286,4.59183673469388,33.2244897959184,13.2678132678133,46.4373464373464,59.7051597051597,24.5918367346939,0.0612244897959184
"310",310,81,"SA Yadav","2014-2016",50,38,15,579,60,25.17,416,139.18,0,1,2,49,24,"KKR",0.631578947368421,1.28947368421053,1.92105263157895,15.2368421052632,24.8704663212435,33.8514680483592,58.7219343696028,10.9473684210526,0.394736842105263
"320",320,8,"GJ Bailey","2014-2015",35,33,10,581,0,25.26,437,132.95,0,2,0,49,17,"KXIP",0.515151515151515,1.48484848484848,2,17.6060606060606,17.5559380378657,33.7349397590361,51.2908777969019,13.2424242424242,0.303030303030303
"330",330,18,"PP Chawla","2008-2013",87,52,21,401,0,12.93,355,112.95,0,0,7,36,12,"KXIP",0.230769230769231,0.692307692307692,0.923076923076923,7.71153846153846,17.9551122194514,35.9102244389027,53.8653366583541,6.82692307692308,0.403846153846154
"337",337,25,"AC Gilchrist","2011-2013",34,34,3,849,106,27.38,667,127.28,1,4,3,103,28,"KXIP",0.823529411764706,3.02941176470588,3.85294117647059,24.9705882352941,19.7879858657244,48.527679623086,68.3156654888104,19.6176470588235,0.0882352941176471
"340",340,28,"Gurkeerat Singh","2012-2016",28,24,3,342,51,16.28,272,125.73,0,1,4,36,9,"KXIP",0.375,1.5,1.875,14.25,15.7894736842105,42.1052631578947,57.8947368421053,11.3333333333333,0.125
"345",345,33,"DJ Hussey","2011-2013",36,34,6,695,0,24.82,577,120.45,0,2,1,51,26,"KXIP",0.764705882352941,1.5,2.26470588235294,20.4411764705882,22.4460431654676,29.3525179856115,51.7985611510791,16.9705882352941,0.176470588235294
"346",346,34,"DPMD Jayawardene","2008-2010",36,35,12,837,0,36.39,594,140.9,1,2,1,87,25,"KXIP",0.714285714285714,2.48571428571429,3.2,23.9142857142857,17.921146953405,41.5770609318996,59.4982078853047,16.9714285714286,0.342857142857143
"355",355,43,"P Kumar","2011-2013",44,21,9,109,24,9.08,100,109,0,0,3,7,5,"KXIP",0.238095238095238,0.333333333333333,0.571428571428571,5.19047619047619,27.5229357798165,25.6880733944954,53.2110091743119,4.76190476190476,0.428571428571429
"359",359,47,"Mandeep Singh","2011-2014",41,38,2,763,0,21.19,632,120.72,0,3,4,95,8,"KXIP",0.210526315789474,2.5,2.71052631578947,20.0789473684211,6.29095674967235,49.8034076015727,56.0943643512451,16.6315789473684,0.0526315789473684
"360",360,48,"SE Marsh","2008-2016",62,61,7,2213,115,40.98,1672,132.35,1,18,1,230,73,"KXIP",1.19672131147541,3.77049180327869,4.9672131147541,36.2786885245902,19.7921373700859,41.5725259828287,61.3646633529146,27.4098360655738,0.114754098360656
"362",362,50,"GJ Maxwell","2014-2016",43,43,2,965,95,23.53,592,163,0,6,6,83,56,"KXIP",1.30232558139535,1.93023255813953,3.23255813953488,22.4418604651163,34.8186528497409,34.4041450777202,69.2227979274611,13.7674418604651,0.0465116279069767
"363",363,51,"DA Miller","2012-2016",66,65,22,1604,0,37.3,1108,144.76,1,8,2,112,78,"KXIP",1.2,1.72307692307692,2.92307692307692,24.6769230769231,29.1770573566085,27.930174563591,57.1072319201995,17.0461538461538,0.338461538461538
"368",368,56,"AR Patel","2014-2016",50,32,9,433,0,18.82,338,128.1,0,0,3,30,19,"KXIP",0.59375,0.9375,1.53125,13.53125,26.3279445727483,27.7136258660508,54.0415704387991,10.5625,0.28125
"369",369,57,"IK Pathan","2008-2010",42,35,11,603,60,25.12,460,131.08,0,1,1,47,22,"KXIP",0.628571428571429,1.34285714285714,1.97142857142857,17.2285714285714,21.8905472636816,31.1774461028192,53.0679933665008,13.1428571428571,0.314285714285714
"375",375,63,"WP Saha","2014-2016",48,43,5,956,0,25.15,725,131.86,1,4,0,84,30,"KXIP",0.697674418604651,1.95348837209302,2.65116279069767,22.2325581395349,18.8284518828452,35.1464435146443,53.9748953974895,16.8604651162791,0.116279069767442
"379",379,67,"KC Sangakkara","2008-2010",37,34,2,1009,94,31.53,779,129.52,0,8,2,117,18,"KXIP",0.529411764705882,3.44117647058824,3.97058823529412,29.6764705882353,10.7036669970268,46.382556987116,57.0862239841427,22.9117647058824,0.0588235294117647
"382",382,70,"V Sehwag","2014-2015",30,30,0,660,122,22,493,133.87,1,2,3,79,23,"KXIP",0.766666666666667,2.63333333333333,3.4,22,20.9090909090909,47.8787878787879,68.7878787878788,16.4333333333333,0
"396",396,84,"PC Valthaty","2011-2013",21,21,1,499,0,24.95,406,122.9,1,2,1,59,20,"KXIP",0.952380952380952,2.80952380952381,3.76190476190476,23.7619047619048,24.0480961923848,47.2945891783567,71.3426853707415,19.3333333333333,0.0476190476190476
"397",397,85,"M Vijay","2015-2016",25,25,1,704,89,29.33,592,118.91,0,5,1,77,18,"KXIP",0.72,3.08,3.8,28.16,15.3409090909091,43.75,59.0909090909091,23.68,0.04
"398",398,86,"M Vohra","2013-2016",39,37,2,877,67,25.05,666,131.68,0,3,2,92,30,"KXIP",0.810810810810811,2.48648648648649,3.2972972972973,23.7027027027027,20.5245153933865,41.9612314709236,62.4857468643102,18,0.0540540540540541
"399",399,87,"Yuvraj Singh","2008-2010",43,42,5,894,0,24.16,677,132.05,0,3,0,69,49,"KXIP",1.16666666666667,1.64285714285714,2.80952380952381,21.2857142857143,32.8859060402685,30.8724832214765,63.758389261745,16.1190476190476,0.119047619047619
"404",404,5,"DJ Bravo","2008-2010",33,27,4,508,0,22.08,419,121.24,0,3,0,45,19,"MI",0.703703703703704,1.66666666666667,2.37037037037037,18.8148148148148,22.4409448818898,35.4330708661417,57.8740157480315,15.5185185185185,0.148148148148148
"414",414,15,"JP Duminy","2009-2010",24,23,6,586,62,34.47,508,115.35,0,5,1,43,17,"MI",0.739130434782609,1.8695652173913,2.60869565217391,25.4782608695652,17.4061433447099,29.3515358361775,46.7576791808874,22.0869565217391,0.260869565217391
"418",418,19,"JEC Franklin","2011-2012",25,21,6,434,79,28.93,410,105.85,0,1,1,32,12,"MI",0.571428571428571,1.52380952380952,2.09523809523809,20.6666666666667,16.5898617511521,29.4930875576037,46.0829493087558,19.5238095238095,0.285714285714286
"423",423,24,"Harbhajan Singh","2008-2016",147,92,36,931,64,16.62,654,142.35,0,1,13,89,48,"MI",0.521739130434783,0.967391304347826,1.48913043478261,10.1195652173913,30.9344790547798,38.2384532760473,69.1729323308271,7.10869565217391,0.391304347826087
"426",426,27,"ST Jayasuriya","2008-2010",30,30,2,768,0,27.42,532,144.36,1,4,2,84,39,"MI",1.3,2.8,4.1,25.6,30.46875,43.75,74.21875,17.7333333333333,0.0666666666666667
"429",429,30,"KD Karthik","2012-2013",45,41,5,934,86,25.94,760,122.89,0,3,3,98,28,"MI",0.682926829268293,2.39024390243902,3.07317073170732,22.780487804878,17.9871520342612,41.9700214132762,59.9571734475375,18.5365853658537,0.121951219512195
"439",439,40,"SL Malinga","2009-2015",115,31,11,171,0,8.55,146,117.12,0,0,6,13,11,"MI",0.354838709677419,0.419354838709677,0.774193548387097,5.51612903225806,38.5964912280702,30.4093567251462,69.0058479532164,4.70967741935484,0.354838709677419
"445",445,46,"AM Nayar","2008-2010",30,24,5,457,0,24.05,341,134.01,0,0,0,34,18,"MI",0.75,1.41666666666667,2.16666666666667,19.0416666666667,23.6323851203501,29.7592997811816,53.3916849015317,14.2083333333333,0.208333333333333
"454",454,55,"PA Patel","2015-2016",24,24,1,516,81,22.43,398,129.64,0,3,3,70,9,"MI",0.375,2.91666666666667,3.29166666666667,21.5,10.4651162790698,54.2635658914729,64.7286821705426,16.5833333333333,0.0416666666666667
"458",458,59,"KA Pollard","2010-2016",128,119,34,2461,78,28.95,1670,147.36,0,11,3,163,160,"MI",1.34453781512605,1.36974789915966,2.71428571428571,20.6806722689076,39.0085331166193,26.4932954083706,65.5018285249898,14.0336134453782,0.285714285714286
"465",465,66,"AT Rayudu","2010-2016",131,122,19,2544,0,24.69,2058,123.61,0,13,9,214,81,"MI",0.663934426229508,1.75409836065574,2.41803278688525,20.8524590163934,19.1037735849057,33.6477987421384,52.751572327044,16.8688524590164,0.155737704918033
"472",472,73,"RG Sharma","2011-2016",106,103,18,2977,0,35.02,2260,131.72,1,22,6,245,128,"MI",1.24271844660194,2.37864077669903,3.62135922330097,28.9029126213592,25.7977830030232,32.9190460194827,58.7168290225059,21.9417475728155,0.174757281553398
"474",474,75,"LMP Simmons","2014-2016",25,25,3,1038,0,47.18,822,126.27,1,10,1,113,37,"MI",1.48,4.52,6,41.52,21.3872832369942,43.5452793834297,64.9325626204239,32.88,0.12
"476",476,77,"DR Smith","2008-2013",33,31,3,945,0,33.75,722,130.88,0,7,2,97,41,"MI",1.32258064516129,3.12903225806452,4.45161290322581,30.4838709677419,26.031746031746,41.0582010582011,67.0899470899471,23.2903225806452,0.0967741935483871
"483",483,84,"AP Tare","2010-2015",32,25,4,357,59,17,281,127.04,0,1,2,39,13,"MI",0.52,1.56,2.08,14.28,21.8487394957983,43.6974789915966,65.546218487395,11.24,0.16
"484",484,85,"SR Tendulkar","2008-2013",91,91,11,2599,0,32.48,2191,118.62,1,14,5,329,33,"MI",0.362637362637363,3.61538461538462,3.97802197802198,28.5604395604396,7.61831473643709,50.6348595613698,58.2531742978069,24.0769230769231,0.120879120879121
"486",486,87,"SS Tiwary","2008-2010",26,23,4,540,61,28.42,399,135.33,0,3,2,36,24,"MI",1.04347826086957,1.56521739130435,2.60869565217391,23.4782608695652,26.6666666666667,26.6666666666667,53.3333333333333,17.3478260869565,0.173913043478261
"494",494,4,"MA Agarwal","2011-2013",35,30,1,492,0,16.96,382,128.79,0,1,2,43,28,"RCB",0.933333333333333,1.43333333333333,2.36666666666667,16.4,34.1463414634146,34.9593495934959,69.1056910569106,12.7333333333333,0.0333333333333333
"505",505,15,"MV Boucher","2008-2010",31,22,8,393,0,28.07,315,124.76,0,1,0,32,13,"RCB",0.590909090909091,1.45454545454545,2.04545454545455,17.8636363636364,19.8473282442748,32.5699745547074,52.4173027989822,14.3181818181818,0.363636363636364
"510",510,20,"AB de Villiers","2011-2016",93,84,21,2617,0,41.53,1634,160.15,2,18,6,225,130,"RCB",1.54761904761905,2.67857142857143,4.22619047619048,31.1547619047619,29.8051203668322,34.3905235001911,64.1956438670233,19.452380952381,0.25
"511",511,21,"TM Dilshan","2011-2013",30,29,3,733,0,28.19,647,113.29,0,6,3,99,11,"RCB",0.379310344827586,3.41379310344828,3.79310344827586,25.2758620689655,9.00409276944066,54.0245566166439,63.0286493860846,22.3103448275862,0.103448275862069
"514",514,24,"R Dravid","2008-2010",52,45,5,1132,0,28.3,946,119.66,0,5,4,121,20,"RCB",0.444444444444444,2.68888888888889,3.13333333333333,25.1555555555556,10.6007067137809,42.756183745583,53.356890459364,21.0222222222222,0.111111111111111
"516",516,26,"CH Gayle","2011-2016",82,81,11,3220,0,46,2052,156.92,5,20,3,248,249,"RCB",3.07407407407407,3.06172839506173,6.1358024691358,39.7530864197531,46.3975155279503,30.8074534161491,77.2049689440994,25.3333333333333,0.135802469135802
"527",527,37,"JH Kallis","2008-2010",46,46,8,1271,0,33.44,1123,113.17,0,11,4,139,24,"RCB",0.521739130434783,3.02173913043478,3.54347826086957,27.6304347826087,11.3296616837136,43.7450826121164,55.0747442958301,24.4130434782609,0.173913043478261
"533",533,43,"V Kohli","2008-2016",154,145,26,4534,113,38.1,3433,132.07,4,28,6,404,162,"RCB",1.11724137931034,2.78620689655172,3.90344827586207,31.2689655172414,21.4380238200265,35.6418173797971,57.0798411998236,23.6758620689655,0.179310344827586
"535",535,45,"P Kumar","2008-2010",47,26,7,202,34,10.63,166,121.68,0,0,4,12,14,"RCB",0.538461538461538,0.461538461538462,1,7.76923076923077,41.5841584158416,23.7623762376238,65.3465346534653,6.38461538461539,0.269230769230769
"552",552,62,"MK Pandey","2009-2010",24,23,5,569,0,31.61,475,119.78,1,1,2,62,14,"RCB",0.608695652173913,2.69565217391304,3.30434782608696,24.7391304347826,14.7627416520211,43.585237258348,58.3479789103691,20.6521739130435,0.217391304347826
"579",579,89,"LRPL Taylor","2008-2010",31,30,7,733,0,31.86,493,148.68,0,4,1,57,43,"RCB",1.43333333333333,1.9,3.33333333333333,24.4333333333333,35.1978171896316,31.1050477489768,66.3028649386085,16.4333333333333,0.233333333333333
"580",580,90,"SS Tiwary","2011-2013",46,36,10,578,52,22.23,542,106.64,0,1,1,30,23,"RCB",0.638888888888889,0.833333333333333,1.47222222222222,16.0555555555556,23.8754325259516,20.7612456747405,44.636678200692,15.0555555555556,0.277777777777778
"582",582,92,"RV Uthappa","2009-2010",40,36,5,706,0,22.77,506,139.52,0,5,2,59,36,"RCB",1,1.63888888888889,2.63888888888889,19.6111111111111,30.5949008498584,33.4277620396601,64.0226628895184,14.0555555555556,0.138888888888889
"586",586,96,"R Vinay Kumar","2008-2013",70,31,11,252,0,12.6,218,115.59,0,0,2,16,8,"RCB",0.258064516129032,0.516129032258065,0.774193548387097,8.12903225806452,19.047619047619,25.3968253968254,44.4444444444444,7.03225806451613,0.354838709677419
"616",616,2,"SA Asnodkar","2008-2011",21,21,0,464,60,22.09,379,122.42,0,2,3,59,11,"RR",0.523809523809524,2.80952380952381,3.33333333333333,22.0952380952381,14.2241379310345,50.8620689655172,65.0862068965517,18.047619047619,0
"619",619,5,"STR Binny","2011-2015",63,49,17,698,0,21.81,533,130.95,0,0,5,55,25,"RR",0.510204081632653,1.12244897959184,1.63265306122449,14.2448979591837,21.4899713467049,31.5186246418338,53.0085959885387,10.8775510204082,0.346938775510204
"631",631,17,"R Dravid","2011-2013",52,51,2,1324,66,27.02,1216,108.88,0,7,1,177,11,"RR",0.215686274509804,3.47058823529412,3.68627450980392,25.9607843137255,4.98489425981873,53.4743202416918,58.4592145015106,23.843137254902,0.0392156862745098
"632",632,18,"JP Faulkner","2013-2015",48,35,16,387,46,20.36,269,143.86,0,0,0,25,23,"RR",0.657142857142857,0.714285714285714,1.37142857142857,11.0571428571429,35.6589147286822,25.8397932816538,61.4987080103359,7.68571428571429,0.457142857142857
"639",639,25,"BJ Hodge","2012-2014",38,33,14,748,0,39.36,520,143.84,0,2,0,61,29,"RR",0.878787878787879,1.84848484848485,2.72727272727273,22.6666666666667,23.2620320855615,32.620320855615,55.8823529411765,15.7575757575758,0.424242424242424
"643",643,29,"RA Jadeja","2008-2009",27,22,4,430,42,23.88,369,116.53,0,0,2,32,12,"RR",0.545454545454545,1.45454545454545,2,19.5454545454545,16.7441860465116,29.7674418604651,46.5116279069767,16.7727272727273,0.181818181818182
"656",656,42,"AL Menaria","2011-2013",33,24,3,407,40,19.38,364,111.81,0,0,1,24,18,"RR",0.75,1,1.75,16.9583333333333,26.5356265356265,23.5872235872236,50.1228501228501,15.1666666666667,0.125
"659",659,45,"KK Nair","2014-2015",25,23,2,511,0,24.33,377,135.54,0,4,0,56,14,"RR",0.608695652173913,2.43478260869565,3.04347826086957,22.2173913043478,16.4383561643836,43.8356164383562,60.2739726027397,16.3913043478261,0.0869565217391304
"662",662,48,"NV Ojha","2009-2010",23,23,3,555,0,27.75,434,127.88,0,4,3,53,27,"RR",1.17391304347826,2.30434782608696,3.47826086956522,24.1304347826087,29.1891891891892,38.1981981981982,67.3873873873874,18.8695652173913,0.130434782608696
"667",667,53,"YK Pathan","2008-2010",43,42,4,1011,100,26.6,627,161.24,1,6,1,89,61,"RR",1.45238095238095,2.11904761904762,3.57142857142857,24.0714285714286,36.2017804154303,35.2126607319486,71.4144411473788,14.9285714285714,0.0952380952380952
"671",671,57,"AM Rahane","2011-2015",77,72,10,2335,0,37.66,1935,120.67,1,19,4,245,46,"RR",0.638888888888889,3.40277777777778,4.04166666666667,32.4305555555556,11.8201284796574,41.9700214132762,53.7901498929336,26.875,0.138888888888889
"677",677,63,"SV Samson","2013-2015",44,40,4,941,76,26.13,765,123,0,7,2,82,35,"RR",0.875,2.05,2.925,23.525,22.3166843783209,34.8565356004251,57.173219978746,19.125,0.1
"682",682,68,"GC Smith","2008-2010",25,25,3,697,91,31.68,617,112.96,0,4,2,88,9,"RR",0.36,3.52,3.88,27.88,7.74748923959828,50.5021520803443,58.2496413199426,24.68,0.12
"698",698,84,"SK Warne","2008-2011",56,29,9,198,0,9.9,214,92.52,0,0,7,14,6,"RR",0.206896551724138,0.482758620689655,0.689655172413793,6.82758620689655,18.1818181818182,28.2828282828283,46.4646464646465,7.37931034482759,0.310344827586207
"699",699,85,"SR Watson","2008-2015",84,81,12,2474,0,35.85,1765,140.16,2,14,2,245,114,"RR",1.40740740740741,3.02469135802469,4.4320987654321,30.5432098765432,27.6475343573161,39.6119644300728,67.2594987873888,21.7901234567901,0.148148148148148
